City_ID,City,Country,Date,Lat,Lng,Max Temp,Humidity,Cloudiness,Wind Speed
0,Kyshtovka,RU,2022-02-02 01:34:31,56.555,76.6271,-2.67,100,99,4.12
1,Preobrazheniye,RU,2022-02-02 01:34:32,42.9019,133.9064,19.33,46,0,6.71
2,Ketchikan,US,2022-02-02 01:34:32,55.3422,-131.6461,33.78,85,100,3.11
3,La Ronge,CA,2022-02-02 01:29:22,55.1001,-105.2842,-9.15,64,75,10.36
4,Shimoda,JP,2022-02-02 01:31:29,34.6667,138.95,50.36,44,1,12.33
5,Narsaq,GL,2022-02-02 01:32:53,60.9167,-46.05,14.22,83,14,4.72
6,Busselton,AU,2022-02-02 01:21:01,-33.65,115.3333,73.04,47,85,18.66
7,Akdepe,TM,2022-02-02 01:34:34,42.0551,59.3788,26.69,75,9,6.93
8,Albany,US,2022-02-02 01:22:10,42.6001,-73.9662,30.78,68,100,3.0
9,Provideniya,RU,2022-02-02 01:28:35,64.3833,-173.3,14.11,62,0,20.13
10,Chuy,UY,2022-02-02 01:27:18,-33.6971,-53.4616,63.12,72,0,6.73
11,Hithadhoo,MV,2022-02-02 01:27:17,-0.6,73.0833,82.38,72,6,12.35
12,Diu,IN,2022-02-02 01:34:35,20.7141,70.9822,67.35,57,0,4.92
13,Husavik,IS,2022-02-02 01:33:11,66.0449,-17.3389,12.11,80,93,10.63
14,Yuancheng,CN,2022-02-02 01:34:35,36.652,107.7896,19.49,39,100,2.15
15,Jalu,LY,2022-02-02 01:34:36,29.0331,21.5482,52.9,38,9,9.37
16,Georgetown,MY,2022-02-02 01:25:47,5.4112,100.3354,82.33,82,20,1.01
17,Mataura,NZ,2022-02-02 01:24:37,-46.1927,168.8643,74.48,89,94,1.95
18,Zelenogorskiy,RU,2022-02-02 01:34:37,55.0333,87.0,10.92,100,99,2.57
19,Tambo,PE,2022-02-02 01:34:37,-14.8,-73.9167,36.27,89,99,3.27
20,Asau,RO,2022-02-02 01:30:24,46.4333,26.4,26.76,91,91,5.84
21,San Patricio,US,2022-02-02 01:34:38,28.017,-97.5169,65.08,80,17,8.32
22,Garachine,PA,2022-02-02 01:34:38,8.0647,-78.3628,76.87,80,0,10.42
23,Jinan,CN,2022-02-02 01:34:38,36.6683,116.9972,35.17,23,1,0.96
24,Alofi,NU,2022-02-02 01:25:58,-19.0595,-169.9187,76.89,94,75,11.5
25,New Norfolk,AU,2022-02-02 01:25:51,-42.7826,147.0587,63.66,40,58,1.99
26,Pacific Grove,US,2022-02-02 01:34:39,36.6177,-121.9166,58.95,64,0,1.99
27,Coahuayana,MX,2022-02-02 01:34:40,18.7333,-103.6833,80.08,68,0,0.47
28,Kabinda,CD,2022-02-02 01:34:40,-6.1333,24.4833,67.1,91,100,2.13
29,Amarante Do Maranhao,BR,2022-02-02 01:34:40,-5.5667,-46.7422,71.31,95,83,1.48
30,Sabang,ID,2022-02-02 01:34:41,5.8933,95.3214,80.96,73,16,6.98
31,Matara,LK,2022-02-02 01:34:41,5.9485,80.5353,73.15,79,11,10.04
32,Marienburg,PL,2022-02-02 01:34:42,54.0359,19.0266,34.84,98,100,9.51
33,Castro,BR,2022-02-02 01:34:42,-24.7911,-50.0119,63.07,95,89,5.48
34,Vaini,TO,2022-02-02 01:34:43,-21.2,-175.2,87.96,70,40,10.36
35,Bushehr,IR,2022-02-02 01:34:43,28.9684,50.8385,59.09,77,0,16.11
36,Yeppoon,AU,2022-02-02 01:34:43,-23.1333,150.7333,92.98,57,86,10.78
37,Ushuaia,AR,2022-02-02 01:33:44,-54.8,-68.3,42.46,70,40,37.98
38,Atuona,PF,2022-02-02 01:26:02,-9.8,-139.0333,78.87,73,16,19.73
39,Thompson,CA,2022-02-02 01:34:44,55.7435,-97.8558,-21.84,69,0,8.05
40,Hobart,AU,2022-02-02 01:34:45,-42.8794,147.3294,63.01,48,75,4.0
41,Dwarka,IN,2022-02-02 01:27:16,22.2394,68.9678,70.81,77,0,8.63
42,Khatanga,RU,2022-02-02 01:30:41,71.9667,102.5,-37.91,98,22,2.53
43,Avarua,CK,2022-02-02 01:25:57,-21.2078,-159.775,82.45,78,84,12.66
44,Chokurdakh,RU,2022-02-02 01:25:53,70.6333,147.9167,-14.26,96,100,5.17
45,Rikitea,PF,2022-02-02 01:34:46,-23.1203,-134.9692,78.44,69,86,5.55
46,Mareeba,AU,2022-02-02 01:28:27,-17.0,145.4333,89.47,88,100,5.91
47,Barrow,US,2022-02-02 01:23:13,71.2906,-156.7887,-16.58,69,0,10.36
48,Bahir Dar,ET,2022-02-02 01:35:47,11.5936,37.3908,62.47,54,69,3.2
49,Laguna,US,2022-02-02 01:34:51,38.421,-121.4238,57.7,31,0,8.01
50,Paita,PE,2022-02-02 01:35:48,-5.0892,-81.1144,72.21,78,6,12.26
51,Punta Arenas,CL,2022-02-02 01:35:48,-53.15,-70.9167,46.51,66,40,21.85
52,Broken Hill,AU,2022-02-02 01:31:56,-31.95,141.4333,64.11,48,99,21.85
53,Cape Town,ZA,2022-02-02 01:33:03,-33.9258,18.4232,67.26,86,20,16.11
54,Bredasdorp,ZA,2022-02-02 01:26:01,-34.5322,20.0403,73.4,78,6,1.61
55,Rezh,RU,2022-02-02 01:35:50,57.37,61.4043,25.5,95,100,7.9
56,Jamestown,US,2022-02-02 01:27:08,42.097,-79.2353,35.71,48,0,3.0
57,Bluff,NZ,2022-02-02 01:35:51,-46.6,168.3333,73.8,73,86,10.31
58,Erenhot,CN,2022-02-02 01:35:51,43.6475,111.9767,2.66,84,5,5.41
59,Xiazhen,CN,2022-02-02 01:35:52,34.8022,117.1117,36.72,36,100,5.68
60,Isangel,VU,2022-02-02 01:35:52,-19.55,169.2667,86.11,84,75,2.3
61,Xingcheng,CN,2022-02-02 01:35:53,40.6167,120.7167,17.8,67,2,3.11
62,Avera,US,2022-02-02 01:31:55,33.194,-82.5271,54.91,59,21,10.63
63,Mar Del Plata,AR,2022-02-02 01:26:57,-38.0023,-57.5575,71.1,79,0,1.01
64,Klaksvik,FO,2022-02-02 01:25:55,62.2266,-6.589,36.52,76,100,18.66
65,Nikolskoye,RU,2022-02-02 01:35:54,59.7035,30.7861,22.89,98,99,2.64
66,Mount Gambier,AU,2022-02-02 01:28:25,-37.8333,140.7667,62.51,45,100,17.27
67,Borba,BR,2022-02-02 01:35:54,-4.3878,-59.5939,73.87,98,100,2.17
68,Tura,IN,2022-02-02 01:27:18,25.5198,90.2201,51.84,73,0,2.75
69,Kapit,MY,2022-02-02 01:35:55,2.0167,112.9333,83.12,72,40,0.81
70,Longyearbyen,SJ,2022-02-02 01:27:14,78.2186,15.6401,22.84,63,40,2.3
71,Hilo,US,2022-02-02 01:35:56,19.7297,-155.09,76.73,74,75,5.75
72,Cabo San Lucas,MX,2022-02-02 01:35:56,22.8909,-109.9124,71.91,52,0,11.5
73,Fortuna,US,2022-02-02 01:35:57,40.5982,-124.1573,48.54,77,20,1.01
74,Tiznit,MA,2022-02-02 01:35:57,29.5833,-9.5,62.89,32,74,2.64
75,Mariinsk,RU,2022-02-02 01:35:58,56.2139,87.7472,3.92,98,90,4.45
76,Kapaa,US,2022-02-02 01:26:02,22.0752,-159.319,79.12,68,0,1.99
77,Airai,TL,2022-02-02 01:28:59,-8.9266,125.4092,69.6,63,100,4.09
78,Shache,CN,2022-02-02 01:32:41,38.4167,77.2406,26.71,50,49,2.19
79,Ambon,ID,2022-02-02 01:35:45,-3.6954,128.1814,87.94,62,40,9.22
80,Verkhnevilyuysk,RU,2022-02-02 01:35:59,63.4453,120.3167,-28.52,98,92,5.86
81,Wuda,CN,2022-02-02 01:35:59,39.4994,106.7117,18.79,22,22,4.18
82,Qaanaaq,GL,2022-02-02 01:36:00,77.484,-69.3632,-19.75,65,100,11.61
83,Tuktoyaktuk,CA,2022-02-02 01:36:00,69.4541,-133.0374,-27.4,68,20,3.44
84,Soyo,AO,2022-02-02 01:36:01,-6.1349,12.3689,77.4,87,82,6.38
85,Urumqi,CN,2022-02-02 01:34:02,43.801,87.6005,-4.85,92,20,4.47
86,Atasu,KZ,2022-02-02 01:36:02,48.6814,71.6433,9.68,85,100,7.85
87,Saint George,US,2022-02-02 01:26:31,37.1041,-113.5841,47.62,24,0,8.99
88,Novyy Urengoy,RU,2022-02-02 01:37:02,66.0833,76.6333,-17.12,100,100,5.01
89,Kaitangata,NZ,2022-02-02 01:27:16,-46.2817,169.8464,73.92,67,100,12.77
90,Mecca,SA,2022-02-02 01:37:03,21.4267,39.8261,67.12,40,0,1.9
91,Kayes,ML,2022-02-02 01:36:39,14.0,-11.0,76.01,12,0,7.94
92,Hirara,JP,2022-02-02 01:37:03,24.8,125.2833,67.86,88,75,3.44
93,Bubaque,GW,2022-02-02 01:37:04,11.2833,-15.8333,77.92,79,1,6.46
94,Kavieng,PG,2022-02-02 01:30:34,-2.5744,150.7967,81.79,74,100,6.08
95,Lompoc,US,2022-02-02 01:37:04,34.6391,-120.4579,59.14,48,0,25.01
96,Teguldet,RU,2022-02-02 01:37:05,57.3064,88.1667,12.49,97,96,5.37
97,Cherskiy,RU,2022-02-02 01:34:22,68.75,161.3,10.56,70,99,4.61
98,Bathsheba,BB,2022-02-02 01:37:05,13.2167,-59.5167,79.41,78,75,13.8
99,Bud,US,2022-02-02 01:37:06,39.447,-86.1758,55.38,58,100,11.34
100,Maningrida,AU,2022-02-02 01:37:06,-12.0667,134.2667,86.47,65,66,13.85
101,Ormara,PK,2022-02-02 01:37:07,25.2088,64.6357,71.87,72,0,11.88
102,Fort Nelson,CA,2022-02-02 01:37:07,58.8053,-122.7002,-13.41,84,0,3.44
103,Carnarvon,AU,2022-02-02 01:37:07,-24.8667,113.6333,84.27,70,98,13.8
104,Jacareacanga,BR,2022-02-02 01:37:08,-6.2222,-57.7528,73.6,98,98,0.83
105,Samarai,PG,2022-02-02 01:30:26,-10.6167,150.6667,82.51,74,100,9.89
106,Jiayuguan,CN,2022-02-02 01:33:13,39.8167,98.3,20.53,32,0,6.02
107,Brewster,US,2022-02-02 01:37:09,41.3973,-73.6171,34.39,74,100,0.0
108,Hokitika,NZ,2022-02-02 01:34:17,-42.7167,170.9667,65.59,94,100,18.05
109,Constantine,DZ,2022-02-02 01:37:09,36.365,6.6147,44.01,75,75,21.85
110,Port Alfred,ZA,2022-02-02 01:37:10,-33.5906,26.891,77.63,74,100,6.55
111,Codrington,AU,2022-02-02 01:28:30,-38.2667,141.9667,59.92,52,100,13.89
112,Henties Bay,NA,2022-02-02 01:30:42,-22.116,14.2845,66.85,83,85,2.89
113,Namatanai,PG,2022-02-02 01:32:00,-3.6667,152.4333,83.3,69,97,6.35
114,Aykhal,RU,2022-02-02 01:37:11,66.0,111.5,-21.17,100,11,2.53
115,Kahului,US,2022-02-02 01:37:12,20.8947,-156.47,82.42,65,40,18.41
116,Lyuban,BY,2022-02-02 01:37:12,52.7985,28.0048,21.88,95,99,10.25
117,Ziro,IN,2022-02-02 01:37:13,27.6333,93.8333,35.89,92,97,1.48
118,Kudahuvadhoo,MV,2022-02-02 01:31:58,2.6708,72.8944,82.71,76,2,14.52
119,East London,ZA,2022-02-02 01:37:14,-33.0153,27.9116,76.75,73,100,5.03
120,Churapcha,RU,2022-02-02 01:37:14,62.0025,132.4325,-18.71,93,100,4.83
121,Bahadurgarh,IN,2022-02-02 01:37:14,28.6833,76.9167,51.91,72,0,5.17
122,Thinadhoo,MV,2022-02-02 01:37:15,0.5333,72.9333,83.17,69,8,12.44
123,Vao,NC,2022-02-02 01:27:19,-22.6667,167.4833,78.31,82,100,19.95
124,Gat,IL,2022-02-02 01:34:21,31.61,34.7642,53.91,100,0,2.8
125,Saskylakh,RU,2022-02-02 01:37:16,71.9167,114.0833,-28.48,100,37,1.16
126,Souillac,MU,2022-02-02 01:35:32,-20.5167,57.5167,79.36,94,75,25.32
127,Clyde River,CA,2022-02-02 01:30:42,70.4692,-68.5914,-21.77,76,0,5.75
128,Bereda,ES,2022-02-02 01:33:11,43.2686,-7.5406,44.91,98,19,1.07
129,Kestel,TR,2022-02-02 01:37:17,40.1983,29.2124,51.28,90,100,5.48
130,Ucluelet,CA,2022-02-02 01:37:17,48.9329,-125.5528,43.09,84,30,4.27
131,Ribeira Grande,PT,2022-02-02 01:32:50,38.5167,-28.7,59.52,73,63,12.82
132,Domoni,KM,2022-02-02 01:37:18,-12.2569,44.5319,79.16,85,100,3.76
133,Hermanus,ZA,2022-02-02 01:34:51,-34.4187,19.2345,66.9,83,3,3.53
134,Ilulissat,GL,2022-02-02 01:26:12,69.2167,-51.1,3.22,55,100,4.61
135,Upernavik,GL,2022-02-02 01:31:55,72.7868,-56.1549,-13.7,75,100,5.77
136,Ancud,CL,2022-02-02 01:28:31,-41.8697,-73.8203,59.43,94,100,5.37
137,Ponta Do Sol,PT,2022-02-02 01:38:19,32.6667,-17.1,68.72,50,100,12.19
138,Srednekolymsk,RU,2022-02-02 01:38:20,67.45,153.6833,-9.02,89,100,9.22
139,Korla,CN,2022-02-02 01:28:26,41.7597,86.1469,21.36,50,0,2.3
140,Caravelas,BR,2022-02-02 01:25:46,-17.7125,-39.2481,76.53,93,26,7.61
141,Coos Bay,US,2022-02-02 01:34:53,43.3665,-124.2179,44.92,91,75,6.91
142,Yellowknife,CA,2022-02-02 01:38:17,62.456,-114.3525,-27.58,87,0,4.61
143,Geraldton,AU,2022-02-02 01:31:17,-28.7667,114.6,93.61,20,0,29.93
144,Beloha,MG,2022-02-02 01:35:39,-25.1667,45.05,70.27,86,0,11.45
145,Conde,BR,2022-02-02 01:34:25,-7.2597,-34.9075,78.26,83,0,3.44
146,Manggar,ID,2022-02-02 01:38:21,-2.8833,108.2667,83.98,65,26,5.57
147,Severo-Kurilsk,RU,2022-02-02 01:32:02,50.6789,156.125,30.99,74,100,11.25
148,Hasaki,JP,2022-02-02 01:38:11,35.7333,140.8333,48.29,32,0,21.79
149,Bengkulu,ID,2022-02-02 01:34:20,-3.8004,102.2655,74.91,79,100,4.81
150,Bar Harbor,US,2022-02-02 01:38:22,44.3876,-68.2039,26.91,71,0,3.0
151,Ubinskoye,RU,2022-02-02 01:38:23,55.3068,79.6802,4.68,100,94,4.52
152,Katherine,AU,2022-02-02 01:38:23,-14.4667,132.2667,84.52,70,37,16.11
153,Port Blair,IN,2022-02-02 01:38:24,11.6667,92.75,69.84,94,20,2.3
154,Bagnols-Sur-Ceze,FR,2022-02-02 01:38:25,44.1599,4.6178,48.06,73,0,21.85
155,Hamilton,US,2022-02-02 01:37:21,39.1834,-84.5333,51.21,58,0,6.91
156,Voi,KE,2022-02-02 01:38:25,-3.3945,38.563,69.3,93,84,0.96
157,Merrill,US,2022-02-02 01:36:43,45.1805,-89.6835,17.55,62,0,11.5
158,Mangrol,IN,2022-02-02 01:38:26,21.1167,70.1167,67.44,64,1,6.58
159,South Lake Tahoe,US,2022-02-02 01:38:26,38.9332,-119.9844,30.85,40,0,3.44
160,Rio Grande,BR,2022-02-02 01:36:59,-32.035,-52.0986,69.94,66,0,10.69
161,Katsuura,JP,2022-02-02 01:38:27,35.1333,140.3,48.31,39,0,16.98
162,Tommot,RU,2022-02-02 01:30:33,58.9564,126.2925,-5.67,93,100,9.93
163,Lebu,CL,2022-02-02 01:37:33,-37.6167,-73.65,58.53,94,9,9.89
164,Vangaindrano,MG,2022-02-02 01:38:28,-23.35,47.6,73.6,81,57,3.58
165,Mehamn,NO,2022-02-02 01:30:40,71.0357,27.8492,16.88,81,90,9.84
166,Carutapera,BR,2022-02-02 01:38:29,-1.195,-46.02,77.04,90,55,7.36
167,Dikson,RU,2022-02-02 01:38:29,73.5069,80.5464,2.16,94,100,16.62
168,Tateyama,JP,2022-02-02 01:38:29,34.9833,139.8667,51.15,40,0,10.92
169,Arlit,NE,2022-02-02 01:38:30,18.7369,7.3853,58.46,17,92,5.86
170,Zhigansk,RU,2022-02-02 01:31:49,66.7697,123.3711,-26.82,99,90,9.01
171,Elektrenai,LT,2022-02-02 01:38:31,54.7667,24.6333,26.51,96,100,8.05
172,San Cristobal,VE,2022-02-02 01:30:35,7.7669,-72.225,71.78,61,99,1.57
173,Port Elizabeth,ZA,2022-02-02 01:38:31,-33.918,25.5701,74.1,88,0,2.3
174,Catu,BR,2022-02-02 01:38:31,-12.3531,-38.3789,81.52,95,0,2.91
175,Marawi,PH,2022-02-02 01:38:32,7.9986,124.2928,72.64,70,100,3.76
176,Liberal,US,2022-02-02 01:38:32,37.0431,-100.921,42.03,41,100,20.71
177,Shenjiamen,CN,2022-02-02 01:38:33,29.9576,122.298,44.19,83,100,16.06
178,Sapa,PH,2022-02-02 01:39:33,5.1544,120.3241,81.84,74,100,3.91
179,Stokmarknes,NO,2022-02-02 01:39:12,68.5646,14.9108,23.49,67,100,7.16
180,Xingyi,CN,2022-02-02 01:39:34,24.1877,102.817,45.86,88,100,4.27
181,Sao Filipe,CV,2022-02-02 01:38:19,14.8961,-24.4956,73.26,77,15,14.41
182,Bethel,US,2022-02-02 01:39:36,41.3712,-73.414,34.16,73,100,0.0
183,Rabak,SD,2022-02-02 01:39:36,13.1809,32.74,65.34,22,3,8.48
184,Thunder Bay,CA,2022-02-02 01:34:41,48.4001,-89.3168,11.28,60,20,17.27
185,Bira,RU,2022-02-02 01:39:37,49.0,132.4667,4.1,77,5,2.75
186,Adrar,MR,2022-02-02 01:39:37,20.5022,-10.0711,68.07,19,81,10.0
187,Kerouane,GN,2022-02-02 01:39:37,9.2667,-9.0167,69.08,19,99,1.59
188,Talnakh,RU,2022-02-02 01:39:24,69.4865,88.3972,2.21,95,100,7.72
189,Teseney,ER,2022-02-02 01:39:38,15.11,36.6575,67.03,64,5,6.87
190,Luwuk,ID,2022-02-02 01:35:10,-0.9516,122.7875,84.94,58,100,1.57
191,Sulangan,PH,2022-02-02 01:30:31,11.1373,123.7228,81.09,74,39,10.94
192,Lasa,IT,2022-02-02 01:26:50,46.6166,10.7002,40.46,94,100,8.9
193,Paamiut,GL,2022-02-02 01:39:39,61.994,-49.6678,4.78,91,100,11.12
194,Fairbanks,US,2022-02-02 01:35:14,64.8378,-147.7164,-15.59,73,0,0.0
195,Port Said,EG,2022-02-02 01:39:40,31.2565,32.2841,55.38,71,0,9.22
196,Dukat,RU,2022-02-02 01:39:40,62.55,155.55,-6.3,95,100,4.16
197,Vigrestad,NO,2022-02-02 01:39:41,58.5667,5.7,38.88,76,28,33.51
198,Saint-Philippe,RE,2022-02-02 01:39:41,-21.3585,55.7679,80.15,93,100,24.29
199,Leningradskiy,RU,2022-02-02 01:39:42,69.3833,178.4167,-9.2,93,35,10.96
200,Bolshevik,BY,2022-02-02 01:39:42,54.0065,27.5692,22.62,96,99,9.84
201,Sitia,GR,2022-02-02 01:39:42,35.2,26.0986,57.97,67,88,21.56
202,Tubuala,PA,2022-02-02 01:39:43,9.5167,-79.0333,78.91,74,14,10.63
203,Constitucion,CL,2022-02-02 01:39:43,-35.3333,-72.4167,57.33,93,13,3.76
204,Baykit,RU,2022-02-02 01:31:53,61.67,96.37,-12.69,100,93,0.98
205,Norman Wells,CA,2022-02-02 01:35:46,65.282,-126.8329,-25.56,75,20,0.0
206,Bonthe,SL,2022-02-02 01:39:44,7.5264,-12.505,76.73,89,99,2.59
207,Tiksi,RU,2022-02-02 01:39:45,71.6872,128.8694,-9.4,96,100,6.96
208,Akola,IN,2022-02-02 01:39:45,20.7333,77.0,64.6,46,6,0.6
209,Nome,US,2022-02-02 01:30:41,64.5011,-165.4064,19.47,53,0,34.52
210,Puerto Ayora,EC,2022-02-02 01:39:46,-0.7393,-90.3518,74.55,94,100,5.99
211,Zhanakorgan,KZ,2022-02-02 01:39:46,43.9098,67.2495,26.33,79,13,5.39
212,Hami,CN,2022-02-02 01:39:31,42.8,93.45,22.66,31,100,0.94
213,Nakonde,ZM,2022-02-02 01:39:47,-9.3421,32.745,59.18,98,100,2.51
214,Tessalit,ML,2022-02-02 01:39:31,20.1986,1.0114,60.82,20,87,11.61
215,Oistins,BB,2022-02-02 01:39:48,13.0667,-59.5333,78.89,78,75,13.8
216,Pevek,RU,2022-02-02 01:39:48,69.7008,170.3133,-6.52,80,100,3.24
217,Launceston,AU,2022-02-02 01:36:36,-41.45,147.1667,66.61,41,40,5.01
218,Chapais,CA,2022-02-02 01:39:49,49.7834,-74.8492,19.18,90,100,18.57
219,Karachi,PK,2022-02-02 01:35:03,24.9056,67.0822,64.22,88,0,3.44
220,Saldanha,ZA,2022-02-02 01:39:49,-33.0117,17.9442,66.25,97,67,12.62
221,Winnemucca,US,2022-02-02 01:39:50,40.973,-117.7357,32.05,34,0,5.75
222,Carahue,CL,2022-02-02 01:30:29,-38.7,-73.1667,61.0,98,6,3.04
223,Bonavista,CA,2022-02-02 01:40:51,48.6499,-53.1147,19.11,69,100,20.98
224,Arraial Do Cabo,BR,2022-02-02 01:40:51,-22.9661,-42.0278,75.16,100,75,0.0
225,Lorengau,PG,2022-02-02 01:40:51,-2.0226,147.2712,78.93,83,100,6.33
226,Kirovskiy,RU,2022-02-02 01:40:21,45.0917,133.5136,7.79,88,100,6.76
227,Antofagasta,CL,2022-02-02 01:36:35,-23.65,-70.4,67.28,83,9,4.12
228,Bambous Virieux,MU,2022-02-02 01:40:52,-20.3428,57.7575,79.21,94,75,25.32
229,Broome,US,2022-02-02 01:40:53,42.2506,-75.833,31.64,64,0,3.0
230,Tromso,NO,2022-02-02 01:40:14,69.6496,18.957,17.62,62,0,8.05
231,Pafos,CY,2022-02-02 01:40:54,34.7667,32.4167,60.58,67,100,12.66
232,Porosozero,RU,2022-02-02 01:40:54,62.7191,32.727,9.19,96,100,5.35
233,Luderitz,NA,2022-02-02 01:40:55,-26.6481,15.1594,63.3,92,61,8.08
234,Port Lincoln,AU,2022-02-02 01:40:55,-34.7333,135.8667,63.34,54,97,15.9
235,Torbay,CA,2022-02-02 01:30:09,47.6666,-52.7314,19.76,62,20,13.8
236,Sishui,CN,2022-02-02 01:40:56,35.6489,117.2758,39.16,28,67,3.11
237,Olanchito,HN,2022-02-02 01:40:56,15.5,-86.5667,71.44,95,1,1.63
238,Cidreira,BR,2022-02-02 01:30:39,-30.1811,-50.2056,72.64,74,0,13.4
239,Mahebourg,MU,2022-02-02 01:40:57,-20.4081,57.7,79.25,94,75,25.32
240,Caceres,ES,2022-02-02 01:40:57,39.522,-6.3748,45.81,83,0,3.8
241,Ilhabela,BR,2022-02-02 01:40:58,-23.7781,-45.3581,74.75,91,100,2.48
242,Iberia,US,2022-02-02 01:40:58,29.9502,-91.7507,64.38,100,100,9.22
243,Hofn,IS,2022-02-02 01:40:59,64.2539,-15.2082,25.5,68,72,10.92
244,Sungaipenuh,ID,2022-02-02 01:40:59,-2.0833,101.3833,62.13,95,100,1.74
245,Uruguaiana,BR,2022-02-02 01:41:00,-29.7547,-57.0883,85.93,45,0,6.91
246,Margate,GB,2022-02-02 01:41:00,51.3813,1.3862,51.04,77,100,5.99
247,Bardsir,IR,2022-02-02 01:41:00,29.9227,56.5743,33.85,84,11,3.27
248,Karpogory,RU,2022-02-02 01:41:01,64.0019,44.4451,14.36,95,100,5.77
249,Juneau,US,2022-02-02 01:40:28,58.3019,-134.4197,25.21,69,100,11.5
250,Vestmannaeyjar,IS,2022-02-02 01:41:02,63.4427,-20.2734,36.18,91,100,10.25
251,Izberbash,RU,2022-02-02 01:41:02,42.5696,47.8645,26.65,79,48,4.81
252,Berdigestyakh,RU,2022-02-02 01:41:02,62.0989,126.6992,-17.63,95,100,7.96
253,Tasiilaq,GL,2022-02-02 01:41:03,65.6145,-37.6368,12.36,72,100,5.1
254,Wellington,NZ,2022-02-02 01:40:27,-41.2866,174.7756,78.46,64,53,1.99
255,Rock Sound,BS,2022-02-02 01:41:04,24.9,-76.2,71.55,60,100,21.81
256,Vardo,NO,2022-02-02 01:31:54,70.3705,31.1107,28.74,63,100,10.87
257,Dicabisagan,PH,2022-02-02 01:41:04,17.0818,122.4157,76.89,71,89,8.1
258,Butaritari,KI,2022-02-02 01:41:05,3.0707,172.7902,82.22,76,17,12.35
259,Parana,AR,2022-02-02 01:37:26,-31.732,-60.5238,83.57,82,0,7.16
260,Miraflores,MX,2022-02-02 01:41:05,19.2167,-98.8083,66.02,61,5,4.09
261,Ahipara,NZ,2022-02-02 01:41:06,-35.1667,173.1667,76.33,63,100,14.99
262,Saint-Augustin,CA,2022-02-02 01:41:06,51.226,-58.6502,-16.71,93,4,5.55
263,Mandali,IQ,2022-02-02 01:36:37,33.7499,45.5541,47.05,60,0,8.5
264,Albenga,IT,2022-02-02 01:41:07,44.0529,8.216,54.36,55,0,4.0
265,Los Llanos De Aridane,ES,2022-02-02 01:41:07,28.6585,-17.9182,68.13,71,0,8.01
266,Narimanov,RU,2022-02-02 01:41:07,46.6927,47.8498,24.71,99,100,3.24
267,Ixtapa,MX,2022-02-02 01:41:08,20.7,-105.2,74.43,53,0,9.22
268,San Juan,AR,2022-02-02 01:41:08,-31.5375,-68.5364,71.04,61,100,19.42
269,Prince Rupert,CA,2022-02-02 01:37:40,54.3161,-130.3201,37.09,80,75,3.44
270,Karasjok,NO,2022-02-02 01:42:09,69.4719,25.5112,5.11,100,99,2.95
271,Tingi,TZ,2022-02-02 01:42:09,-11.3,35.0333,62.31,95,6,3.51
272,Yar-Sale,RU,2022-02-02 01:39:19,66.8333,70.8333,-15.27,99,49,7.9
273,Mildura,AU,2022-02-02 01:37:50,-34.2,142.15,69.08,34,0,14.97
274,Zhangye,CN,2022-02-02 01:42:10,38.9342,100.4517,24.64,26,42,3.31
275,Moree,AU,2022-02-02 01:42:11,-29.4667,149.85,75.22,88,100,8.05
276,Alta Floresta,BR,2022-02-02 01:42:11,-9.8756,-56.0861,69.75,96,38,1.54
277,Olafsvik,IS,2022-02-02 01:42:12,64.8945,-23.7142,36.18,65,100,19.01
278,Qaqortoq,GL,2022-02-02 01:42:02,60.7167,-46.0333,14.5,89,8,4.5
279,Harper,LR,2022-02-02 01:42:12,4.375,-7.7169,78.44,81,100,4.79
280,Lagoa,PT,2022-02-02 01:42:13,39.05,-27.9833,58.95,71,13,13.33
281,Lamar,US,2022-02-02 01:42:13,33.6668,-95.5836,60.53,82,100,5.75
282,Cockburn Town,TC,2022-02-02 01:38:07,21.4612,-71.1419,75.81,76,39,20.83
283,Nouakchott,MR,2022-02-02 01:42:14,18.0858,-15.9785,78.73,23,99,17.85
284,Bom Jesus,BR,2022-02-02 01:42:15,-9.0744,-44.3586,77.61,66,70,1.63
285,Teya,RU,2022-02-02 01:42:15,60.3778,92.6267,-0.98,100,93,4.14
286,Rawson,AR,2022-02-02 01:30:54,-43.3002,-65.1023,76.68,32,6,8.41
287,Havre,FR,2022-02-02 01:42:16,49.5833,0.3333,50.45,100,100,12.66
288,Batticaloa,LK,2022-02-02 01:42:16,7.7102,81.6924,74.14,73,3,1.57
289,Payo,ID,2022-02-02 01:42:17,-3.7508,103.6372,71.78,97,100,2.37
290,Ipanguacu,BR,2022-02-02 01:42:17,-5.4983,-36.855,79.77,71,37,9.82
291,Aklavik,CA,2022-02-02 01:42:17,68.2191,-135.0107,-13.97,100,97,3.85
292,Goderich,CA,2022-02-02 01:42:18,43.7501,-81.7165,40.91,93,100,21.0
293,Makasar,ID,2022-02-02 01:39:55,-5.14,119.4221,80.65,89,20,3.44
294,Mount Isa,AU,2022-02-02 01:42:18,-20.7333,139.5,87.57,55,100,9.22
295,Kokkola,FI,2022-02-02 01:39:01,63.8385,23.1307,11.93,88,75,2.3
296,Mehran,IR,2022-02-02 01:42:19,33.1222,46.1646,42.28,63,0,6.31
297,Saint-Pierre,RE,2022-02-02 01:39:34,-21.3393,55.4781,80.24,94,100,29.93
298,Haines Junction,CA,2022-02-02 01:42:20,60.7522,-137.5108,-18.45,76,100,1.14
299,Ntcheu,MW,2022-02-02 01:42:20,-14.8203,34.6359,63.05,97,14,1.28
300,Emerald,AU,2022-02-02 01:42:21,-23.5333,148.1667,98.74,41,96,11.5
301,Mujiayingzi,CN,2022-02-02 01:42:21,42.1167,118.7833,13.21,41,0,9.01
302,Antsohihy,MG,2022-02-02 01:42:21,-14.8796,47.9875,72.61,90,100,2.26
303,Cumana,VE,2022-02-02 01:42:22,10.4635,-64.1775,75.83,85,1,8.86
304,Robertsport,LR,2022-02-02 01:42:22,6.7533,-11.3686,78.66,82,63,3.89
305,Ozinki,RU,2022-02-02 01:42:23,51.1786,49.6769,17.04,94,82,8.81
306,Marystown,CA,2022-02-02 01:42:23,47.1666,-55.1483,21.85,100,12,14.2
307,Belaya,UA,2022-02-02 01:42:24,49.029,25.7706,24.94,96,100,9.35
308,Huejuquilla El Alto,MX,2022-02-02 01:42:24,22.6,-103.8667,51.42,26,0,5.44
309,Dongsheng,CN,2022-02-02 01:42:24,39.8161,109.9776,13.68,27,0,6.31
310,San Quintin,MX,2022-02-02 01:40:45,30.4833,-115.95,58.48,69,51,9.01
311,Touros,BR,2022-02-02 01:42:25,-5.1989,-35.4608,77.9,77,40,8.99
312,Shahpura,IN,2022-02-02 01:42:25,27.3833,75.9667,51.13,48,0,0.65
313,Craig,US,2022-02-02 01:42:26,40.5153,-107.5464,16.56,72,0,8.05
314,Nemuro,JP,2022-02-02 01:42:26,43.3236,145.575,25.23,66,14,18.57
315,Prachuap Khiri Khan,TH,2022-02-02 01:43:27,12.2167,99.75,80.69,62,9,2.24
316,Synya,RU,2022-02-02 01:43:27,65.3718,58.0387,1.11,95,100,2.86
317,Kurilsk,RU,2022-02-02 01:43:28,45.2333,147.8833,24.84,88,98,18.16
318,Soloneshnoye,RU,2022-02-02 01:43:28,51.6544,84.3197,2.44,94,76,4.85
319,Phuket,TH,2022-02-02 01:43:29,8.0,98.25,80.82,78,20,2.3
320,Flinders,AU,2022-02-02 01:43:29,-34.5833,150.8552,70.21,80,100,12.41
321,Ust-Nera,RU,2022-02-02 01:39:02,64.5667,143.2,-0.38,97,100,3.89
322,Aswan,EG,2022-02-02 01:42:35,24.0934,32.907,51.1,53,0,4.61
323,Berlevag,NO,2022-02-02 01:43:30,70.8578,29.0864,21.83,74,76,8.68
324,Dzerzhinsk,RU,2022-02-02 01:43:30,56.2389,43.4631,28.22,86,100,13.42
325,Surt,LY,2022-02-02 01:43:31,31.2089,16.5887,54.59,60,28,28.32
326,Muisne,EC,2022-02-02 01:43:31,0.6,-80.0333,76.8,82,99,3.13
327,Buala,SB,2022-02-02 01:43:32,-8.145,159.5921,84.45,75,75,8.23
328,Smithers,CA,2022-02-02 01:43:32,54.7804,-127.1743,19.72,58,75,5.75
329,Gumdag,TM,2022-02-02 01:43:32,39.2061,54.5906,41.9,88,0,5.86
330,Tabou,CI,2022-02-02 01:43:33,4.423,-7.3528,77.94,82,100,2.98
331,Idrinskoye,RU,2022-02-02 01:43:33,54.3708,92.1358,-8.86,99,100,1.99
332,Atambua,ID,2022-02-02 01:43:34,-9.1061,124.8925,80.47,70,90,8.99
333,Ler,SS,2022-02-02 01:43:34,8.3018,30.1418,70.93,24,33,4.85
334,Izumo,JP,2022-02-02 01:43:35,35.3667,132.7667,39.15,87,75,3.44
335,Kabompo,ZM,2022-02-02 01:43:35,-13.5927,24.2008,64.58,94,100,3.2
336,Ostrovnoy,RU,2022-02-02 01:43:35,68.0531,39.5131,20.48,90,100,11.65
337,Vostok,RU,2022-02-02 01:43:36,46.4856,135.8833,4.14,84,100,5.82
338,Nanortalik,GL,2022-02-02 01:43:36,60.1432,-45.2371,8.26,68,41,15.48
339,Vicksburg,US,2022-02-02 01:43:37,32.3526,-90.8779,64.9,68,100,10.36
340,Tadine,NC,2022-02-02 01:43:37,-21.55,167.8833,81.55,74,100,13.78
341,Andradina,BR,2022-02-02 01:43:38,-20.8961,-51.3794,70.41,96,100,5.73
342,Praya,CV,2022-02-02 01:43:38,14.9215,-23.5087,79.34,44,75,14.97
343,Xam Nua,LA,2022-02-02 01:43:39,20.4197,104.0439,57.16,86,94,3.38
344,College,US,2022-02-02 01:43:39,64.8569,-147.8028,-7.42,72,20,0.0
345,Sao Joao Da Barra,BR,2022-02-02 01:43:40,-21.6403,-41.0511,72.5,97,100,7.36
346,Bria,CF,2022-02-02 01:43:40,6.5423,21.9863,67.66,33,27,4.63
347,Kimbe,PG,2022-02-02 01:43:40,-5.5502,150.1429,76.39,92,100,4.99
348,Havelock,US,2022-02-02 01:41:03,34.8791,-76.9013,43.93,76,0,3.0
349,San Andres,CO,2022-02-02 01:42:41,12.5847,-81.7006,80.62,74,20,6.91
350,Wanning,CN,2022-02-02 01:43:41,18.8003,110.3967,70.88,87,87,6.22
351,Tuni,IN,2022-02-02 01:43:42,17.35,82.55,67.86,74,7,3.42
352,Tahta,EG,2022-02-02 01:43:42,26.7693,31.5021,48.31,49,58,2.93
353,Lavrentiya,RU,2022-02-02 01:43:42,65.5833,-171.0,0.45,83,1,14.72
354,Beringovskiy,RU,2022-02-02 01:40:31,63.05,179.3167,1.9,84,91,17.38
355,Tuatapere,NZ,2022-02-02 01:43:43,-46.1333,167.6833,73.81,75,86,6.96
356,Vesyegonsk,RU,2022-02-02 01:43:43,58.664,37.2604,20.61,96,100,4.68
357,Odweyne,SO,2022-02-02 01:43:44,9.4092,45.064,64.31,65,100,11.59
358,Esperance,AU,2022-02-02 01:43:44,-33.8667,121.9,69.64,48,32,17.47
359,Puerto Escondido,MX,2022-02-02 01:43:45,15.85,-97.0667,79.63,73,20,16.11
360,Poli,TZ,2022-02-02 01:43:45,-3.3333,36.8,61.07,89,88,1.97
361,Kodiak,US,2022-02-02 01:43:46,57.79,-152.4072,38.71,87,100,5.75
362,Veraval,IN,2022-02-02 01:43:46,20.9,70.3667,68.18,64,0,7.11
363,Dom Pedro,BR,2022-02-02 01:43:46,-4.4833,-44.45,73.24,95,12,3.62
364,Birobidzhan,RU,2022-02-02 01:44:47,48.8,132.95,-1.34,86,7,1.07
365,Thanh Hoa,VN,2022-02-02 01:42:17,19.8,105.7667,59.95,76,100,4.63
366,Deputatskiy,RU,2022-02-02 01:43:24,69.3,139.9,-14.49,98,100,1.07
367,Westport,US,2022-02-02 01:41:37,41.1415,-73.3579,35.56,70,100,5.99
368,Makakilo City,US,2022-02-02 01:44:48,21.3469,-158.0858,80.92,58,75,11.5
369,Yarmolyntsi,UA,2022-02-02 01:44:48,49.1924,26.8373,21.83,94,100,8.77
370,Puerto Narino,CO,2022-02-02 01:44:49,-3.7703,-70.3831,80.55,79,74,1.95
371,Yayva,RU,2022-02-02 01:44:49,59.3303,57.2641,29.17,92,99,9.8
372,Loiza,PR,2022-02-02 01:44:49,18.4313,-65.8802,76.59,90,7,8.88
373,Cockeysville,US,2022-02-02 01:44:50,39.4812,-76.6439,33.96,85,83,5.17
374,Port Hardy,CA,2022-02-02 01:44:50,50.6996,-127.4199,41.18,87,75,2.3
375,Kriel,ZA,2022-02-02 01:44:51,-26.2739,29.2253,59.81,63,25,1.88
376,Karratha,AU,2022-02-02 01:44:51,-20.7377,116.8463,87.35,65,100,11.77
377,Colesberg,ZA,2022-02-02 01:44:52,-30.72,25.0972,63.84,88,100,4.59
378,Luganville,VU,2022-02-02 01:44:52,-15.5333,167.1667,83.91,76,94,1.97
379,Kawalu,ID,2022-02-02 01:44:53,-7.3817,108.2082,80.15,74,96,1.14
380,Coquimbo,CL,2022-02-02 01:44:53,-29.9533,-71.3436,64.13,88,75,8.05
381,Kroonstad,ZA,2022-02-02 01:44:53,-27.6504,27.2349,59.76,50,57,2.8
382,Ruteng,ID,2022-02-02 01:44:54,-8.6136,120.4721,75.16,61,21,2.91
383,Yelnya,RU,2022-02-02 01:44:54,54.5786,33.1837,18.28,95,100,8.72
384,Sangar,RU,2022-02-02 01:44:55,63.9242,127.4739,-29.69,96,100,3.02
385,Mitsamiouli,KM,2022-02-02 01:44:55,-11.3847,43.2844,81.64,77,100,6.24
386,Sokoto,NG,2022-02-02 01:44:55,13.0609,5.239,60.33,17,12,9.6
387,Mundo Nuevo,MX,2022-02-02 01:44:56,18.7,-95.5,72.39,90,36,7.31
388,San Juan Del Sur,NI,2022-02-02 01:44:56,11.2529,-85.8705,77.25,73,5,10.51
389,Presidente Epitacio,BR,2022-02-02 01:41:26,-21.7633,-52.1156,71.89,95,100,6.02
390,Abatskoye,RU,2022-02-02 01:44:57,56.2875,70.4555,6.12,97,59,7.78
391,Pouebo,NC,2022-02-02 01:44:57,-20.4,164.5667,86.99,61,79,4.29
392,Savino,RU,2022-02-02 01:44:58,56.5929,41.2181,19.2,93,100,9.55
393,Mandawar,IN,2022-02-02 01:44:58,29.5,78.1333,47.53,90,0,3.8
394,Yulara,AU,2022-02-02 01:44:59,-25.2406,130.9889,67.84,94,100,13.8
395,Koungou,YT,2022-02-02 01:44:59,-12.7336,45.2042,80.31,89,0,4.61
396,Truckee,US,2022-02-02 01:42:28,39.328,-120.1833,32.32,40,0,6.91
397,Ismailia,EG,2022-02-02 01:45:00,30.6043,32.2723,53.1,59,0,6.96
398,Kushalgarh,IN,2022-02-02 01:45:00,23.199,74.4507,62.4,63,0,2.64
399,Staryy Nadym,RU,2022-02-02 01:45:01,65.6118,72.6842,-15.32,100,75,8.48
400,Pangody,RU,2022-02-02 01:45:01,65.85,74.4859,-17.61,100,98,6.73
401,Katete,UG,2022-02-02 01:45:02,-0.7818,29.7544,65.86,63,100,2.01
402,Faanui,PF,2022-02-02 01:45:03,-16.4833,-151.75,81.07,76,11,19.86
403,Bintulu,MY,2022-02-02 01:45:03,3.1667,113.0333,81.01,94,20,3.0
404,Jumla,NP,2022-02-02 01:45:03,29.2747,82.1838,35.76,30,0,3.94
405,Tres Passos,BR,2022-02-02 01:45:04,-27.4556,-53.9319,72.45,36,0,4.34
406,Santa Maria Del Oro,MX,2022-02-02 01:45:04,25.9333,-105.3667,55.42,21,2,6.71
407,Puerto Carreno,CO,2022-02-02 01:45:05,6.189,-67.4859,84.36,49,90,11.77
408,Yarmouth,US,2022-02-02 01:44:36,41.7057,-70.2286,37.51,80,100,4.61
409,Atbasar,KZ,2022-02-02 01:45:05,51.8,68.3333,4.84,91,100,4.25
410,Dingle,PH,2022-02-02 01:46:06,10.9995,122.6711,82.09,74,100,11.81
411,Puerto Leguizamo,CO,2022-02-02 01:46:07,-0.1934,-74.7819,72.55,81,78,3.15
412,Varazdin,HR,2022-02-02 01:46:07,46.3044,16.3378,38.05,49,45,4.36
413,Yenagoa,NG,2022-02-02 01:46:08,4.9247,6.2642,75.78,79,10,3.42
414,Marion,US,2022-02-02 01:43:50,39.7684,-86.1555,55.74,47,100,11.5
415,Evensk,RU,2022-02-02 01:46:08,61.95,159.2333,20.91,78,100,23.51
416,Lesnoy,RU,2022-02-02 01:46:09,57.6198,63.0784,23.41,93,100,11.12
417,Mombetsu,JP,2022-02-02 01:46:09,44.3525,143.3525,27.86,50,20,11.5
418,Nishihara,JP,2022-02-02 01:46:10,26.1842,127.7558,64.45,88,100,9.22
419,Karasuk,RU,2022-02-02 01:46:10,53.7377,78.0403,6.98,99,94,4.14
420,Gogrial,SS,2022-02-02 01:46:10,8.5332,28.1004,69.51,25,14,5.64
421,Radstadt,AT,2022-02-02 01:46:11,47.3833,13.45,36.7,97,100,7.54
422,Manokwari,ID,2022-02-02 01:46:11,-0.8667,134.0833,81.91,71,100,4.03
423,Cap-Aux-Meules,CA,2022-02-02 01:46:12,47.3821,-61.8597,15.85,73,100,3.44
424,Erdenet,MN,2022-02-02 01:46:12,49.0333,104.0833,-6.23,85,34,5.06
425,Velika Obarska,BA,2022-02-02 01:46:13,44.8053,19.1642,27.9,83,21,5.26
426,Te Anau,NZ,2022-02-02 01:46:13,-45.4167,167.7167,67.51,96,100,5.39
427,Bani Walid,LY,2022-02-02 01:46:14,31.7566,13.9942,47.34,64,5,18.75
428,Kortkeros,RU,2022-02-02 01:46:14,61.8106,51.5806,24.8,96,100,6.67
429,Consett,GB,2022-02-02 01:46:14,54.854,-1.8316,46.42,83,100,12.84
430,Bonanza,NI,2022-02-02 01:46:15,14.0289,-84.591,70.27,88,60,2.13
431,Belle Glade,US,2022-02-02 01:44:10,26.6845,-80.6676,69.82,64,97,10.47
432,Padang,ID,2022-02-02 01:46:16,-0.9492,100.3543,80.65,79,100,2.55
433,Neosho,US,2022-02-02 01:43:41,36.869,-94.368,54.82,93,100,5.99
434,Lawrenceburg,US,2022-02-02 01:46:16,38.0373,-84.8966,52.27,40,0,8.05
435,Ouadda,CF,2022-02-02 01:46:17,8.0777,22.4007,62.8,29,34,4.7
436,Sherman,US,2022-02-02 01:41:20,33.6357,-96.6089,63.93,79,100,1.99
437,Hambantota,LK,2022-02-02 01:46:18,6.1241,81.1185,70.14,100,20,5.75
438,Bandarbeyla,SO,2022-02-02 01:46:18,9.4942,50.8122,74.86,78,16,15.41
439,Guerrero Negro,MX,2022-02-02 01:41:58,27.9769,-114.0611,60.53,73,94,12.88
440,Catanduva,BR,2022-02-02 01:46:19,-21.1378,-48.9728,71.89,94,100,4.85
441,Bisira,PA,2022-02-02 01:46:19,8.5196,-81.7115,54.86,93,59,6.15
442,Santiago,CL,2022-02-02 01:45:26,-33.4569,-70.6483,70.99,49,0,11.5
443,Kogon,UZ,2022-02-02 01:46:20,39.7228,64.5517,39.24,87,100,4.61
444,Poya,NC,2022-02-02 01:46:20,-21.35,165.15,86.43,55,60,10.22
445,Igoumenitsa,GR,2022-02-02 01:46:21,39.5039,20.2656,50.74,87,100,10.18
446,Bozeman,US,2022-02-02 01:46:21,45.6796,-111.0386,23.11,84,100,1.99
447,Andra,RU,2022-02-02 01:46:22,62.5147,65.8878,4.17,95,100,10.67
448,Marzuq,YE,2022-02-02 01:46:22,14.4,46.4667,60.75,68,78,0.69
449,Seoul,KR,2022-02-02 01:44:07,37.5683,126.9778,29.59,61,20,11.5
450,Muroto,JP,2022-02-02 01:46:23,33.2833,134.15,46.44,51,51,11.43
451,Bardiyah,LY,2022-02-02 01:46:23,31.7561,25.0865,54.3,53,89,20.29
452,Cayenne,GF,2022-02-02 01:46:24,4.9333,-52.3333,76.08,91,100,1.01
453,Iqaluit,CA,2022-02-02 01:46:25,63.7506,-68.5145,-9.31,76,75,17.0
454,Kinablangan,PH,2022-02-02 01:46:25,7.6947,126.5503,80.82,73,100,6.04
455,Shar,KZ,2022-02-02 01:47:26,49.5886,81.0453,-13.97,89,11,4.0
456,Contai,IN,2022-02-02 01:47:26,21.7786,87.7536,68.97,74,5,3.83
457,Poum,NC,2022-02-02 01:47:26,-20.2333,164.0167,80.73,74,72,12.3
458,Moose Factory,CA,2022-02-02 01:47:27,51.2585,-80.6094,33.8,75,100,12.66
459,Novopokrovka,UA,2022-02-02 01:47:28,49.8425,36.5477,23.38,97,100,3.69
460,Tiarei,PF,2022-02-02 01:47:28,-17.5333,-149.3333,87.82,76,4,19.33
461,Sambava,MG,2022-02-02 01:47:28,-14.2667,50.1667,74.03,82,100,5.55
462,Kjollefjord,NO,2022-02-02 01:47:29,70.9457,27.3465,16.97,81,97,8.86
463,Ginda,IN,2022-02-02 01:47:29,30.6945,78.4932,38.73,31,2,5.61
464,Jawa,JO,2022-02-02 01:47:30,31.8525,35.9393,43.11,70,0,4.61
465,Penzance,GB,2022-02-02 01:47:30,50.1186,-5.5371,51.01,87,100,17.94
466,Micheldorf,AT,2022-02-02 01:47:31,46.9222,14.4405,30.13,95,98,1.92
467,Itarema,BR,2022-02-02 01:47:31,-2.9248,-39.9167,79.09,80,95,11.56
468,Akcaabat,TR,2022-02-02 01:47:31,41.0212,39.5715,48.07,61,0,4.61
469,Muzhi,RU,2022-02-02 01:47:32,65.3667,64.6667,-23.62,100,99,0.63
470,Raudeberg,NO,2022-02-02 01:47:33,61.9875,5.1352,35.87,88,93,1.99
471,Otorohanga,NZ,2022-02-02 01:47:33,-38.1833,175.2,81.55,57,82,9.46
472,Dauphin,CA,2022-02-02 01:47:34,51.1494,-100.0502,-7.46,71,0,19.57
473,Genhe,CN,2022-02-02 01:47:34,50.7833,121.5167,-3.28,85,95,2.86
474,San Jose,US,2022-02-02 01:45:22,37.3394,-121.895,59.76,30,0,11.5
475,Xiongyue,CN,2022-02-02 01:47:35,40.1774,122.1228,21.94,67,0,4.72
476,Richards Bay,ZA,2022-02-02 01:47:35,-28.783,32.0377,75.45,82,99,11.34
477,Gazanjyk,TM,2022-02-02 01:47:36,39.2446,55.5154,44.29,59,0,9.04
478,Joinville,BR,2022-02-02 01:47:36,-26.3044,-48.8456,76.95,90,75,9.22
479,Suzhou,CN,2022-02-02 01:44:17,31.3114,120.6181,41.9,73,100,4.85
480,Russell,US,2022-02-02 01:45:08,32.3502,-85.1999,60.08,51,0,4.61
481,Yaring,TH,2022-02-02 01:47:37,6.8662,101.3689,82.29,78,33,8.23
482,Zeya,RU,2022-02-02 01:47:38,53.75,127.2667,0.84,59,43,2.68
483,Chacaltianguis,MX,2022-02-02 01:47:38,18.3333,-95.8333,69.96,95,20,6.89
484,Portland,US,2022-02-02 01:45:10,45.5234,-122.6762,44.53,82,20,1.99
485,Nouadhibou,MR,2022-02-02 01:42:52,20.931,-17.0347,67.98,68,93,9.22
486,San Felipe,VE,2022-02-02 01:47:39,10.3399,-68.7425,69.93,97,58,3.6
487,Killybegs,IE,2022-02-02 01:47:39,54.6333,-8.45,49.44,93,100,21.99
488,Nuevo Progreso,MX,2022-02-02 01:47:40,23.1667,-97.95,71.6,68,0,1.12
489,Namibe,AO,2022-02-02 01:46:04,-15.1961,12.1522,71.64,69,100,10.25
490,Independence,US,2022-02-02 01:47:40,39.0911,-94.4155,35.49,69,100,8.99
491,Fukue,JP,2022-02-02 01:47:41,32.6881,128.8419,44.96,61,75,8.05
492,Pili,PH,2022-02-02 01:47:41,13.5833,123.3,75.2,91,100,6.22
493,Chalmette,US,2022-02-02 01:47:42,29.9427,-89.9634,64.99,85,100,1.99
494,Zyryanskoye,RU,2022-02-02 01:47:42,56.8306,86.6258,18.07,95,100,7.38
495,Kruisfontein,ZA,2022-02-02 01:47:42,-34.0033,24.7314,71.89,67,100,2.95
496,Bouca,CF,2022-02-02 01:47:43,6.5105,18.2733,66.92,22,8,2.89
497,Mtwara,TZ,2022-02-02 01:47:43,-10.2667,40.1833,75.42,88,72,4.05
498,Tsagan Aman,RU,2022-02-02 01:47:44,47.5639,46.7218,30.29,93,100,6.6
499,Golyshmanovo,RU,2022-02-02 01:47:44,56.3979,68.3728,9.54,96,78,9.89
500,Takaka,NZ,2022-02-02 01:47:45,-40.85,172.8,69.98,96,100,9.04
501,Ratangarh,IN,2022-02-02 01:48:45,28.0833,74.6,57.0,36,0,4.92
502,Conceicao Do Araguaia,BR,2022-02-02 01:48:46,-8.2578,-49.2647,73.76,92,76,2.19
503,Tashkent,UZ,2022-02-02 01:48:46,41.2646,69.2163,37.35,52,0,6.91
504,Kenai,US,2022-02-02 01:48:46,60.5544,-151.2583,21.09,93,100,25.32
505,Sangueya,GN,2022-02-02 01:48:47,10.7,-14.3667,70.48,72,7,2.95
506,Grand Gaube,MU,2022-02-02 01:48:47,-20.0064,57.6608,79.38,87,100,18.01
507,Nabannagan,PH,2022-02-02 01:48:48,18.0715,121.5338,77.67,70,29,4.18
508,Tucupita,VE,2022-02-02 01:48:48,9.0622,-62.051,72.34,92,0,4.41
509,Dembi Dolo,ET,2022-02-02 01:48:49,8.5333,34.8,61.43,45,100,3.58
510,Porto Feliz,BR,2022-02-02 01:48:49,-23.2147,-47.5239,73.69,93,100,3.33
511,Edd,ER,2022-02-02 01:48:49,13.9297,41.6925,76.98,76,53,3.4
512,Rudnogorsk,RU,2022-02-02 01:48:50,57.2639,103.7519,-8.37,100,100,2.42
513,Lishui,CN,2022-02-02 01:44:40,28.4604,119.9103,38.26,99,100,2.66
514,Saint-Ambroise,CA,2022-02-02 01:48:51,48.5501,-71.3324,13.59,72,100,10.36
515,Qurayyat,SA,2022-02-02 01:48:51,31.3318,37.3428,39.38,65,0,6.91
516,Rio Gallegos,AR,2022-02-02 01:48:52,-51.6226,-69.2181,53.65,37,40,23.02
517,Krasnoselkup,RU,2022-02-02 01:48:53,65.7,82.4667,-16.44,100,90,3.22
518,Haizhou,CN,2022-02-02 01:48:53,34.5817,119.1289,36.75,43,99,4.18
519,Alyangula,AU,2022-02-02 01:48:54,-13.8483,136.4192,87.67,70,100,13.8
520,Amga,RU,2022-02-02 01:48:54,60.8953,131.9608,-12.46,93,100,6.02
521,Bonfim,BR,2022-02-02 01:48:55,3.0833,-59.95,80.73,60,16,8.97
522,Komsomolets,KZ,2022-02-02 01:48:55,53.7453,62.0708,19.69,84,100,14.58
523,Santa Isabel Do Rio Negro,BR,2022-02-02 01:48:55,-0.4139,-65.0192,73.99,95,100,2.82
524,Kovdor,RU,2022-02-02 01:48:56,67.5662,30.4758,2.19,100,100,3.0
525,Eureka,US,2022-02-02 01:48:56,40.8021,-124.1637,48.81,78,0,11.01
526,Kloulklubed,PW,2022-02-02 01:48:57,7.0419,134.2556,84.7,75,100,20.0
527,Pisco,PE,2022-02-02 01:48:57,-13.7,-76.2167,69.85,73,0,17.27
528,Batagay-Alyta,RU,2022-02-02 01:48:58,67.8006,130.4114,-8.09,98,100,1.59
529,Tolaga Bay,NZ,2022-02-02 01:48:58,-38.3667,178.3,76.59,59,83,22.75
530,Shepsi,RU,2022-02-02 01:48:59,44.0361,39.1489,49.21,68,100,23.31
531,Olinda,BR,2022-02-02 01:48:59,-8.0089,-34.8553,82.13,74,40,5.75
532,Trujillo,PE,2022-02-02 01:49:00,-8.116,-79.03,66.16,88,24,13.8
533,Wadi Musa,JO,2022-02-02 01:49:01,30.3222,35.4793,41.56,60,0,6.82
534,La Rioja,ES,2022-02-02 01:49:01,42.25,-2.5,43.32,86,4,7.02
535,Moron,AR,2022-02-02 01:49:02,-34.6534,-58.6198,76.98,70,0,6.6
536,Esil,KZ,2022-02-02 01:49:02,51.9556,66.4042,14.27,86,100,7.94
537,San Carlos De Bariloche,AR,2022-02-02 01:49:02,-41.1456,-71.3082,62.35,55,40,18.41
538,Byron Bay,AU,2022-02-02 01:49:03,-28.65,153.6167,86.11,66,100,2.33
539,Samandag,TR,2022-02-02 01:49:04,36.0842,35.9771,43.32,89,41,8.48
540,Alekseyevsk,RU,2022-02-02 01:49:04,57.8406,108.3492,0.36,96,100,4.18
541,Mungwi,ZM,2022-02-02 01:49:04,-10.1732,31.3694,62.37,97,100,1.45
542,Denpasar,ID,2022-02-02 01:49:05,-8.65,115.2167,85.71,74,20,4.61
543,Chornobay,UA,2022-02-02 01:49:05,49.6708,32.3239,18.59,96,100,5.3
544,Alghero,IT,2022-02-02 01:49:06,40.5589,8.3181,48.99,93,75,1.14
545,San Ignacio,BZ,2022-02-02 01:49:06,17.1561,-89.0714,78.94,78,0,6.91
546,Mayo,US,2022-02-02 01:49:07,38.8876,-76.5119,35.55,82,0,0.0
547,Nyuksenitsa,RU,2022-02-02 01:49:07,60.4128,44.2397,24.06,95,100,7.54
548,Kardla,EE,2022-02-02 01:50:08,58.9978,22.7492,21.06,87,94,1.03
549,San Sebastian,ES,2022-02-02 01:50:08,43.3128,-1.975,50.14,82,100,1.01
550,Girne,CY,2022-02-02 01:50:08,35.3417,33.3167,59.29,76,100,10.31
551,Hemsedal,NO,2022-02-02 01:50:09,60.8629,8.5534,15.31,93,76,5.35
552,Necochea,AR,2022-02-02 01:50:09,-38.5473,-58.7368,64.04,80,51,5.28
553,Manzil Salim,TN,2022-02-02 01:50:10,35.8567,8.4765,41.0,81,73,21.05
554,Baruun-Urt,MN,2022-02-02 01:50:10,46.6806,113.2792,-5.57,88,6,6.51
555,Aasiaat,GL,2022-02-02 01:50:11,68.7098,-52.8699,1.38,96,100,7.85
556,Auki,SB,2022-02-02 01:50:11,-8.7676,160.7034,82.81,81,53,7.72
557,Inhambane,MZ,2022-02-02 01:50:12,-23.865,35.3833,75.09,82,34,3.8
558,Kroya,ID,2022-02-02 01:50:13,-7.6331,109.2461,88.2,70,53,3.47
559,Estelle,US,2022-02-02 01:50:13,29.8458,-90.1067,64.99,86,100,13.8
560,Almazar,UZ,2022-02-02 01:50:14,40.3217,69.0106,38.91,46,100,8.28
561,Pangnirtung,CA,2022-02-02 01:50:14,66.1451,-65.7125,-22.95,82,73,6.87
562,Badarwas,IN,2022-02-02 01:50:14,24.9667,77.5667,56.71,74,0,3.24
563,Mahanoro,MG,2022-02-02 01:50:15,-19.9,48.8,72.37,89,89,8.08
564,Acapulco,MX,2022-02-02 01:47:44,16.8634,-99.8901,78.62,69,20,8.05
565,Valparaiso,CL,2022-02-02 01:50:15,-33.0393,-71.6273,66.47,71,0,4.61
566,Bowen,AU,2022-02-02 01:48:59,-20.0167,148.2333,89.82,66,100,7.52
